<?xml version="1.0" encoding="UTF-8"?>
<beans xmlns="http://www.springframework.org/schema/beans"
	xmlns:mvc="http://www.springframework.org/schema/mvc" xmlns:xsi="http://www.w3.org/2001/XMLSchema-instance"
	xmlns:p="http://www.springframework.org/schema/p" xmlns:context="http://www.springframework.org/schema/context"
	xsi:schemaLocation="http://www.springframework.org/schema/beans
      http://www.springframework.org/schema/beans/spring-beans-3.0.xsd
       http://www.springframework.org/schema/context
        http://www.springframework.org/schema/context/spring-context-3.0.xsd
         http://www.springframework.org/schema/mvc
		http://www.springframework.org/schema/mvc/spring-mvc-3.0.xsd 
		http://cxf.apache.org/jaxws 
   		http://cxf.apache.org/schemas/jaxws.xsd">
	<!-- 自动扫描controller包下的所有类，使其认为spring mvc的控制器 -->
	<!-- 加载controller的时候,不加载service,因为此时事物并未生效,若此时加载了service,那么事物无法对service进行拦截 -->
	<context:component-scan base-package="org.jeecgframework.web.*,com.jeecg.*,com.gxcx.*">
		<context:exclude-filter type="annotation"
			expression="org.springframework.stereotype.Service" />
	</context:component-scan>

	<!-- ApplicationContext -->
	<bean class="org.jeecgframework.core.util.ApplicationContextUtil"></bean>
	
	<!-- 一体机 ApplicationContext -->
	<bean class="com.gxcx.p3Base.common.util.ApplicationContextUtil"></bean>

	<!-- 避免IE执行AJAX时,返回JSON出现下载文件 -->
	<bean id="mappingJacksonHttpMessageConverter"
		class="org.springframework.http.converter.json.MappingJacksonHttpMessageConverter">
		<property name="supportedMediaTypes">
			<list>
				<value>text/html;charset=UTF-8</value>
			</list>
		</property>
	</bean>
	<!-- 启动Spring MVC的注解功能，完成请求和注解POJO的映射， 配置一个基于注解的定制的WebBindingInitializer，解决日期转换问题，方法级别的处理器映射 -->
	<bean   
		class="org.springframework.web.servlet.mvc.method.annotation.RequestMappingHandlerMapping"/> 
	<bean 
		class="org.springframework.web.servlet.mvc.method.annotation.RequestMappingHandlerAdapter">
		<property name="cacheSeconds" value="0" />
		<property name="messageConverters">
			<list>
				<ref bean="mappingJacksonHttpMessageConverter" /><!-- json转换器 -->
			</list>
		</property>
		<property name="webBindingInitializer">
			<bean class="org.jeecgframework.core.interceptors.MyWebBinding" />
		</property>
	</bean>
	<!-- 默认的视图解析器 在上边的解析错误时使用 (默认使用html)- -->
	<bean id="defaultViewResolver"
		class="org.springframework.web.servlet.view.InternalResourceViewResolver"
		p:order="3">
		<property name="viewClass"
			value="org.springframework.web.servlet.view.JstlView" />
		<property name="contentType" value="text/html" />
		<property name="prefix" value="/webpage/" />
		<property name="suffix" value=".jsp" />
	</bean>
	<bean id="multipartResolver"
		class="org.springframework.web.multipart.commons.CommonsMultipartResolver"
		p:defaultEncoding="UTF-8">
		<property name="maxUploadSize">
			<value>314572800</value>
		</property>
		<property name="maxInMemorySize">
			<value>4096</value>
		</property>
	</bean>

    <!-- Bean解析器,级别高于默认解析器,寻找bean对象进行二次处理 -->
    <bean id="beanNameViewResolver"
          class="org.springframework.web.servlet.view.BeanNameViewResolver" p:order="0">
    </bean>
    <!-- Excel 处理 根据用户输入进行对象处理 -->
    <bean id="jeecgExcelView" class="org.jeecgframework.poi.excel.view.JeecgSingleExcelView" />
    <bean id="jeecgTemplateExcelView" class="org.jeecgframework.poi.excel.view.JeecgTemplateExcelView" />
    <bean id="jeecgTemplateWordView" class="org.jeecgframework.poi.excel.view.JeecgTemplateWordView" />
    <bean id="jeecgMapExcelView" class="org.jeecgframework.poi.excel.view.JeecgMapExcelView" />
	<!-- 方言 -->
	<bean id="dialect"
		class="org.jeecgframework.core.common.hibernate.dialect.DialectFactoryBean">
		<property name="dbType" value="${jdbc.dbType}" />
	</bean>
	<!-- 异常处理类 -->
	<bean id="exceptionHandler"
		class="org.jeecgframework.core.common.exception.GlobalExceptionResolver" />
	<!-- 拦截器 -->
	
	<bean id="freeMarkerConfig" class="org.springframework.web.servlet.view.freemarker.FreeMarkerConfigurer"> 
		<property name="templateLoaderPath" value="/WEB-INF/template/" /> 
		<property name="freemarkerSettings">   
			<props> 
				<prop key="template_update_delay">360000</prop> 
				<prop key="default_encoding">UTF-8</prop> 
				<prop key="locale">zh_CN</prop> 
			</props> 
		</property> 
	</bean>
	


	<mvc:interceptors>
		<mvc:interceptor>
			<mvc:mapping path="/**" />
			<bean class="org.jeecgframework.core.interceptors.EncodingInterceptor" />
		</mvc:interceptor>
		<mvc:interceptor>
			<mvc:mapping path="/**" />
			<bean class="com.gxcx.common.interceptors.AvoidDuplicateSubmissionInterceptor" />
		</mvc:interceptor>
		<mvc:interceptor>
			<mvc:mapping path="/**" />
			<bean class="org.jeecgframework.core.interceptors.AuthInterceptor">
				<property name="excludeUrls">
					<list>
						<!-- 首页 -->
						<value>PortalController.do?index</value>
						<value>PortalController.do?project</value>
						<value>PortalController.do?projectDetail</value>
						<value>PortalController.do?contactWe</value>
						<value>PortalController.do?helpZQ</value>
						<value>PortalController.do?zhaoBiaoZX</value>
						<value>PortalController.do?zBLB</value>
						<value>PortalController.do?bulletin</value>
						<value>PortalController.do?bulletinDetail</value>
						<value>PortalController.do?agentIndex</value>
						<value>PortalController.do?projectListForagent</value>
						<value>PortalController.do?retrievePassword</value>
						<value>PortalController.do?financialService</value>
						<value>PortalController.do?judgmentBidder</value>
						<value>PortalController.do?toolsDownload</value>
						<value>tBLoanApplyController.do?doAdd</value>
						<value>PortalController.do?prebulletin</value>
						<value>PortalController.do?prebulletinDetail</value>
						<value>PortalController.do?judgmentPreBidder</value>
						
						<value>payResponseController.do?receiveNoticeYeepay4File</value>
						<value>payResponseController.do?receiveNoticeAlipay4File</value>
						
						<value>payResponseController.do?receiveNoticeYeepay4Service</value>
						<value>payResponseController.do?receiveNoticeAlipay4Service</value>
						
						<value>payResponseController.do?receiveNoticeAlipay4Goods</value>
						<value>payResponseController.do?receiveNoticeCpcnpay4File</value>
						
						<value>cgUploadController.do?saveFile4Multi</value>
						
						<!-- 首页登陆 -->
						<value>loginController.do?loginProtal</value>
						<value>loginController.do?loginProtalSessionTimeOut</value>
						<value>loginController.do?loginProtalSessionTimeOutCg</value>
						<value>loginController.do?loadUserByUsrCaSn</value>
						
						<!-- 文件 -->
						<value>cgUploadController.do?viewFile</value>
						<value>cgUploadController.do?getFile</value>
						<value>cgUploadController.do?downLoadFileApp</value>
						<!-- 工具下载 -->
						<value>tBDownloadToolRecordsController.do?downloadTool</value>
					
						<value>loginController.do?goPwdInit</value>
						<value>loginController.do?pwdInit</value>
						<value>loginController.do?login</value>
                        <value>loginController.do?login2</value>
						<value>loginController.do?login3</value>
						<value>loginController.do?checkuser</value>
						<value>loginController.do?checkuser=</value>
						<value>repairController.do?repair</value>
						<value>repairController.do?deleteAndRepair</value>
						<value>loginController.do?ssoLogin</value>
						<!--add-start-Author: jg_huangxg Date:20150707 for：团队人员榜外网网页url-->
						<value>tSTeamPersonController.do?getTeacherList</value>
						<value>tSTeamPersonController.do?getTeacher</value>
						<!--add-end-Author: jg_huangxg Date:20150707 for：团队人员榜外网网页url-->
                        <!--add-start-Author:zhangguoming  Date:20140825 for：用户选择组织机构的url-->
						<value>userController.do?userOrgSelect</value>
                        <!--add-end-Author:zhangguoming  Date:20140825 for：用户选择组织机构的url-->
						<!--add-start-Author: zzl Date:20150709 for：社区介绍-->
						<value>tSTeamPersonController.do?introduce</value>
						<!--移动图表-->
						<value>cgDynamGraphController.do?design</value>
						<value>cgDynamGraphController.do?datagrid</value>
						
						<!--online表单对外接口-->
						<value>cgFormDataController.do?getFormInfo</value>
						<value>cgFormDataController.do?deleteFormInfo</value>
						<value>cgFormDataController.do?addFormInfo</value>
						<value>cgFormDataController.do?updateFormInfo</value>
						
						<!-- 注册进入 -->
						<value>departExtController.do?registrationfirst</value>
						<value>departExtController.do?toRegistrationQuick</value>
						<value>userExeController.do?doSave</value>
						<value>userExeController.do?checkUniqueMobile</value>
						<value>userExeController.do?postCheckCode</value>
						<value>userExeController.do?checkUserName</value>
						<value>tSDepartInfoController.do?checkDepartName</value>
						<value>departExtController.do?expertRegistration</value>
						<value>departExtController.do?toExpertRegistration</value>
						<!-- 上传图片 -->
						<value>cgUploadController.do?ajaxUpload</value>
						<value>cgUploadController.do?downLoadFile</value>
						<!-- 激活密码  -->
						<value>userExeController.do?retrievePassword</value>
						<!-- 发送验证码邮件 -->
						<value>userExeController.do?sendCheckCodeByMail</value>
						<!-- 验证 验证码 -->
						<value>userExeController.do?verificationCode</value>
						
						<!-- 基础服务接口 -->
						<value>baseHS.do?getTime</value>
						<value>baseHS.do?sendFeedback</value>
						<value>baseHS.do?getToolUpdateVersionInfo</value>
						<value>baseHS.do?verifyToken</value>
						<value>baseHS.do?getDictionaryListByType</value>
						<value>baseHS.do?getDictionaryTreeListByType</value>
						<value>baseHS.do?uploadTerminalInfo</value>
						
						
						
						<!-- ca办理-->
						<value>tSDepartInfoController.do?isDepart</value>
						<value>tBServiceInfoController.do?getCurrentUserServiceInformationList</value>
						<!--	用户信息接口类  -->
						<value>userHS.do?login</value>
						<value>userHS.do?register</value>
						<value>userHS.do?changePassword</value>
						<value>userHS.do?getPhoneCheckCode</value>
						<value>userHS.do?getUserItems</value>
						<value>userHS.do?setUserItems</value>
						<value>userHS.do?getUserLogo</value>
						<value>userHS.do?setUserLogo</value>
						<value>userHS.do?getUserOrgInfo</value>
						
						<value>userHS.do?appActivityLog</value>
						<value>userHS.do?caLogin</value>
						<!--<value>userHS.do?getOrgInfoListByType</value>-->
						<!--	项目信息接口类名  -->
						<value>tenderProjectInfoHS.do?getBiddingProjectInfoList</value>
						<value>tenderProjectInfoHS.do?getProjectInfoByPackCode</value>
						<value>tenderProjectInfoHS.do?getBidOpeningProjectList</value>
						<value>tenderProjectInfoHS.do?getEvaluationFactorList</value>
						<value>tenderProjectInfoHS.do?getExpertList</value>
						<value>tenderProjectInfoHS.do?getProjectList</value>
						<value>tenderProjectInfoHS.do?getBiddingEnvelop</value>
						<value>tenderProjectInfoHS.do?getMyProjectList</value>
						<value>tenderProjectInfoHS.do?getProjectInfoByCode</value>
						<value>tenderProjectInfoHS.do?getPackListByProject</value>
						<value>tenderProjectInfoHS.do?getBidOpeningSupplierList</value>
						<value>tenderProjectInfoHS.do?getEvaluationFactor</value>
						<value>tenderProjectInfoHS.do?getSupplierList</value>
						<value>tenderProjectInfoHS.do?getPackListByProject</value>
						<value>tenderProjectInfoHS.do?getMyPackListByProject</value>
						<value>tenderProjectInfoHS.do?getProjectAndPackList</value>
						<value>tenderProjectInfoHS.do?getBidOpeningPackList</value>
						<value>tenderProjectInfoHS.do?getTenderProjectVarInfo</value>
						<value>tenderProjectInfoHS.do?getPackListByStageIds</value>
						<value>tenderProjectInfoHS.do?getTenderProjectDetail</value>
						<value>tenderProjectInfoHS.do?getTenderPackPageList</value>
						<value>tenderProjectInfoHS.do?deleteTenderProjectById</value>
						<value>tenderProjectInfoHS.do?deleteTenderPackById</value>
						<value>tenderProjectInfoHS.do?getMyTenderProjectPageList</value>
						<value>tenderProjectInfoHS.do?saveTenderPack</value>
						<value>tenderProjectInfoHS.do?checkTenderProjectPack</value>
						<value>tenderProjectInfoHS.do?isUniqueTenderProject</value>
						<value>tenderProjectInfoHS.do?isUniqueTenderPack</value>
						<value>tenderProjectInfoHS.do?getTradingCenter</value>
						<value>tenderProjectInfoHS.do?getMyTenderPacksPageList</value>
						<value>tenderProjectInfoHS.do?getSupplierBidOpeningProjectList</value>
						<!-- 发票 -->
						<value>invoiceInfoHS.do?getSupplierInvoiceInfoList</value>
						<value>invoiceInfoHS.do?addSupplierInvoiceInfo</value>
						<value>invoiceInfoHS.do?modifySupplierInvoiceInfo</value>
						<value>invoiceInfoHS.do?invalidSupplierInvoiceInfo</value>

						<!--	招标文件接口类名  -->
						<value>biddingFileHS.do?submitBiddingFileApply</value>
						<value>biddingFileHS.do?uploadBiddingFile</value>
						<value>biddingFileHS.do?getBiddingFileApply</value>
						<value>biddingFileHS.do?downloadBiddingFile</value>
						<value>biddingFileHS.do?getBiddingFileURL</value>
						<value>biddingFileHS.do?getBiddingFileDownURL</value>
						
						<value>biddingFileHS.do?getBiddingFilePackList</value>
						<value>biddingFileHS.do?deleteBiddingFileById</value>
						<value>biddingFileHS.do?getBiddingFileInfoById</value>
						<value>biddingFileHS.do?getProjectBiddingFileInfoList</value>
						<value>biddingFileHS.do?getProcfileBizBytimeStamptenderId</value>
						
						<!--	投标接口类名 -->
						<value>bidHS.do?getBidInfo</value>
						<value>bidHS.do?bidApply</value>
						<value>bidHS.do?checkbidfile</value>
						<value>bidHS.do?confirmBidComplete</value>
						<value>bidHS.do?getBidReceiptFile</value>
						<value>bidHS.do?withdrawBid</value>
						<value>bidHS.do?getBidWithdrawFile</value>
						<value>bidHS.do?getBidFileApply</value>
						<value>bidHS.do?downloadBidFile</value>
						<value>bidHS.do?getBidRecordInfoList</value>
						<value>bidHS.do?getNewBidRecordInfo</value>
						<value>bidHS.do?getProjectBidRecordInfoList</value>
						<!-- 邀请函接口类名 -->
						<value>invitationHS.do?getSupplierInvitationList</value>
						<value>invitationHS.do?getInvitationInfoList</value>
						<value>invitationHS.do?getInvitationPackList</value>
						<value>invitationHS.do?getInvitationInfoById</value>
						<value>invitationHS.do?deleteInvitationById</value>
						<value>invitationHS.do?refuseSupplierInvitation</value>
						<!-- 资审结果接口类名 -->
						<value>qualificationResultHS.do?getQualificationList</value>
						<value>qualificationResultHS.do?getQualificationPackList</value>
						<value>qualificationResultHS.do?getQualificationInfoById</value>
						<value>qualificationResultHS.do?deleteQualifiedResultById</value>
						<value>qualificationResultHS.do?uploadQualificationResult</value>
						
						
						<!-- 开标接口类名 -->
						<value>bidOpeningHS.do?uploadBidOpeningResultApply</value>
						<value>bidOpeningHS.do?uploadBidOpeningResult</value>
						<value>bidOpeningHS.do?getOpenBidResult</value>
						<value>bidOpeningHS.do?uploadDecryptBidFile</value>
						
						<!-- 远程开标类名 -->
						<value>bidOpeningHS.do?startRemoteBidOpening</value>
						<value>bidOpeningHS.do?enterBidOpening</value>
						<value>bidOpeningHS.do?getSupplierBidOpeningStatus</value>
						<value>bidOpeningHS.do?bidOpeningSign</value>
						<value>bidOpeningHS.do?getBidOpeningSignInfo</value>
						<value>bidOpeningHS.do?getBidOpeningSignInfoList</value>
						<value>bidOpeningHS.do?bidOpeningApply</value>
						<value>bidOpeningHS.do?getBidEnvelope</value>
						<value>bidOpeningHS.do?submmitBidOpeningEnvelope</value>
						<value>bidOpeningHS.do?getSupplierBidOpeningFile</value>
						<value>bidOpeningHS.do?startDecryptBidFile</value>
						<value>bidOpeningHS.do?getSupplierBidOpeningDecryptStauts</value>
						<value>bidOpeningHS.do?sendBidOpeningNotice</value>
						<value>bidOpeningHS.do?getBidOpeningNoticeList</value>
						<value>bidOpeningHS.do?getSupplierBidPrice</value>
						<value>bidOpeningHS.do?decryptEnvelopeFailure</value>
						<value>bidOpeningHS.do?exitOpenRoom</value>
						<value>bidOpeningHS.do?getBidOpeningFileInfo</value>
						<value>bidOpeningHS.do?getSupplierBidPriceXML</value>
						<value>bidOpeningHS.do?getAllSupplierBidPriceList</value>
						<value>bidOpeningHS.do?uploadSingBidResult</value>
						<value>bidOpeningHS.do?submitBidOpeningResult</value>
						<value>bidOpeningHS.do?getSupplierBidOpeningQuestion</value>
						<value>bidOpeningHS.do?getProjectOpenBidResult</value>
						<value>bidOpeningHS.do?submitCAInOutStatus</value>
						<value>bidOpeningHS.do?bidOpeningBatchPacksSign</value>
						<value>bidOpeningHS.do?getPacksBidOpeningStatus</value>
						<value>bidOpeningHS.do?getProjectBidOpeningSignInfoList</value>
						<value>bidOpeningHS.do?getProjectDecryptAndConfirmStates</value>
						<!-- 归档 -->
						<value>projectArchiveHS.do?projectArchive</value>
						<value>projectArchiveHS.do?getProjectFileArchiveInfoList</value>

						
							<!--评标接口类名 -->
						<value>bidEvaluationHS.do?uploadEvaluationResultApply</value>
						<value>bidEvaluationHS.do?uploadEvaluationResult</value>
						<value>bidEvaluationHS.do?getProjectBidEvaluationStep</value>
						<value>bidEvaluationHS.do?getProjectBidEvaluationResult</value>
						<!--项目管理工具上传确定中标人 -->
						<value>winningResultHS.do?uploadConfirmWinningBidder</value>
						<value>winningResultHS.do?getWinningBiddingPackList</value>
						<value>winningResultHS.do?getWinningBiddingSupplierList</value>
							<!--接口服务中心 -->
						<value>httpCenterHS.do?downloadFile</value>
						
						<!--	新息中心接口类  -->
						<value>messageNotificationHS.do?getLatestMsgList</value>
						<value>messageNotificationHS.do?getMsgInfo</value>
						<value>messageNotificationHS.do?getMsgTip</value>
						<value>messageNotificationHS.do?setMsgReadStatus</value>
						<value>messageNotificationHS.do?deleteMessage</value>
						
							<!--公告报名支付接口类名 -->
						<value>bulletinInfoHS.do?getBulletinList</value>
						<value>bulletinInfoHS.do?getBulletinInfo</value>
						<value>bulletinInfoHS.do?getProjectBulletinList</value>
						<value>bulletinInfoHS.do?getBulletinInfoById</value>
						<value>bulletinInfoHS.do?getBulletinPackList</value>
						<value>bulletinInfoHS.do?deleteBulletinById</value>
								
						<value>signUpHS.do?submitApplyInfo</value>
						<value>signUpHS.do?getApplyInfoListByBulletinId</value>
						<value>signUpHS.do?getWaitAuditApplyInfoList</value>
						<value>signUpHS.do?getApplyInfoById</value>
						<value>signUpHS.do?auditApplyInfoById</value>
						<value>signUpHS.do?getProjectApplyInfoList</value>
						<value>payHS.do?getBidDocPayInfoList</value>
						<value>payHS.do?getPayModeInfoList</value>
						<value>payHS.do?createBidDocPayOrder</value>
						<value>payHS.do?getBidDocPayInfoListByOrderNo</value>
						<value>payHS.do?cancelBidDocPayOrderNo</value>
						<value>payHS.do?bidDocPay</value>
						<value>payHS.do?getProjectBidDocPayInfoList</value>
							<!--缴纳凭证接口类名 -->
						<value>payHS.do?submitBidDocFeeCertificateInfo</value>
						<value>payHS.do?getWaitBidDocPayInfoList</value>
						<value>payHS.do?getBidDocPayInfoByPayDocId</value>
						<value>payHS.do?auditBidDocPayInfoByPayDocId</value>
						<!-- 投标服务费接口 -->
						<value>payHS.do?getProjectBidServicePayInfo</value>
						<value>payHS.do?createBidServicePayOrder</value>
						<value>payHS.do?submitBidServiceFeeCertificateInfo</value>
						<value>payHS.do?bidServiceFeePay</value>
						<value>payHS.do?cancelBidServicePayOrderNo</value>
						<value>payHS.do?getBidServicePayInfoByOrderNo</value>
						
						<value>payRequestController.do?toPageAliPayContainLedgerno4File</value>
						<value>payRequestController.do?toPageYeePayContainLedgerno4File</value>
						<!-- 投标服务费支付跳转 -->
						<value>payRequestController.do?toPageYeePayContainLedgerno4FileForBidService</value>
						<value>payRequestController.do?toPageAliPayContainLedgerno4FileForBidService</value>
						
						<!--投标工具查看通知书 -->
						<value>bidNoticeHS.do?getBidNoticeInfoList</value>
						<!---项目管理工具查看通知书 -->
						<value>bidNoticeHS.do?getBidNoticeListAndSupplierList</value>
						<value>bidNoticeHS.do?getZSInvitationList</value>
						<value>bidNoticeHS.do?getZSNoticeById</value>
						<value>bidNoticeHS.do?getQualificationSupplierList</value>
						
						<!-- 国家公共服务平台推送数据接口类 -->
						<value>SynToController.do?toSynProjectAndPack</value>
						<value>SynToController.do?toSynBulletin</value>
						<value>SynToController.do?toSynBidInvite</value>
						<value>SynToController.do?toSynWinCandidateBulletin</value>
						<value>SynToController.do?toSynWinbid</value>
						<value>SynToController.do?toSynOpenBidRecord</value>
						<value>SynToController.do?toSynOpenBidRecord</value>
						
						<!-- ca消息签名 -->
						<value>tBUserCaController.do?doRSAP7SignMessage</value>
						<!-- 判断同一个身份证或者电话号码无法报两次名 -->
						<value>tBSignupController.do?judgeWhetherSignup</value>
						
						<value>organizationHS.do?submitSupplierOrgInfo</value>
						
						<!-- 手机接口 -->
						<value>TerminalRest.do?method=pLogin</value>
						<value>TerminalRest.do?method=getUserInfo</value>
						<value>cgUploadController.do?readImage</value>
						<value>TerminalRest.do?method=getProjectInfoByDate</value>
						<value>TerminalRest.do?method=getWaitHandleMsgSignup</value>
						<value>TerminalRest.do?method=getWaitHandleMsgDocPay</value>
						<value>TerminalRest.do?method=getWaitHandleMsgDetailSignup</value>
						<value>TerminalRest.do?method=getWaitHandleMsgDetailDocPay</value>
						<value>TerminalRest.do?method=getProjectInfoByMonth</value>
						<value>TerminalRest.do?method=auditSignup</value>
						<value>TerminalRest.do?method=examinationdocPay</value>
						<value>TerminalRest.do?method=getReadMsg</value>
						<value>TerminalRest.do?method=doReadMsg</value>
						<value>TerminalRest.do?method=changePassword</value>
						<value>TerminalRest.do?method=uploadLogo</value>
						<value>TerminalRest.do?method=updateUserInfo</value>
						<value>TerminalRest.do?method=getBaseUserInfo</value>
						<value>TerminalRest.do?method=getProjectList</value>
						<value>TerminalRest.do?method=getProjectDetail</value>
						<value>TerminalRest.do?method=getSignUpList</value>
						<value>TerminalRest.do?method=getBidList</value>
						<value>TerminalRest.do?method=getWaitHandle</value>
						<value>TerminalRest.do?method=getClarificationList</value>
						<value>TerminalRest.do?method=getPackageList</value>
						<value>TerminalRest.do?method=getBulletinList</value>
						<value>TerminalRest.do?method=getTenderProcfileList</value>
						<value>TerminalRest.do?method=getUpdateVersionInfo</value>
						<value>TerminalRest.do?method=getQualifiedSupplier</value>
						<value>TerminalRest.do?method=getQualifiedSupplierList</value>
						<value>pushMessage.do?method=bindUserCidByUserName</value>
						
						<value>chartStatisticsController.do?userDistributionData</value>
						<value>chartStatisticsController.do?userDistribution</value>
						<value>chartStatisticsController.do?projectDistribution</value>
						<value>chartStatisticsController.do?projectDistributionData</value>
						
						<value>chartStatisticsController.do?comprehensiveStatistics</value>
						<value>chartStatisticsController.do?getThisMonth</value>
						<value>chartStatisticsController.do?getThisWeek</value>
						<value>chartStatisticsController.do?getSameDay</value>
						<value>chartStatisticsController.do?getCAHandleInfo</value>
						<value>chartStatisticsController.do?userDistributionData</value>
						<value>chartStatisticsController.do?projectDistributionData</value>
						<value>chartStatisticsController.do?getTenderinfomationList</value>
						<value>chartStatisticsController.do?getUserinfomationList</value>
						
						<!-- 支付回调 -->
						<value>payMealsResponseController.receiveNoticeAlipayForMeals</value>
						<value>payMealsResponseController.receiveNoticeWeiXinpayForMeals</value>
						
						<value>payMealsRequestHS.do?toPageWeixinPayForMeals</value>
						<value>qRCodeController.do?encodeQrcode</value>
						<value>payMealsRequestHS.do?getPayStatus</value>
						<value>payMealsRequestHS.do?getSuccessUrl</value>
						
						<value>generalFileHS.do?getGeneralFileApply</value>
						<value>generalFileHS.do?getGeneralFileVarInfo</value>
						<value>generalFileHS.do?getPackSupplierListByStageIds</value>
						<value>generalFileHS.do?getPackFeeNoticeListByStageIds</value>
						<value>generalFileHS.do?getPackCodesAndStageIdsByRelationID</value>               
						
					</list>
				</property>
			</bean>
		</mvc:interceptor>
	</mvc:interceptors>

	<!-- 智能表单配置引入 -->
	<import resource="classpath*:org/jeecgframework/web/cgform/common/spring-mvc-cgform.xml" />
 <import resource="classpath*:org/jeecgframework/workflow/common/spring-mvc-activiti.xml" />
	<!--集成cxf webservice接口-->
	<import resource="classpath:cxf-servlet.xml" />
	<!-- jeecg plugin dev -->
	<import resource="classpath:config/spring-config-p3.xml" />
	
</beans>