<?xml version="1.0" encoding="utf-8"?>

<beans xmlns="http://www.springframework.org/schema/beans" xmlns:xsi="http://www.w3.org/2001/XMLSchema-instance" xmlns:context="http://www.springframework.org/schema/context" xmlns:aop="http://www.springframework.org/schema/aop" xmlns:util="http://www.springframework.org/schema/util" xmlns:tx="http://www.springframework.org/schema/tx" xmlns:task="http://www.springframework.org/schema/task" xsi:schemaLocation="http://www.springframework.org/schema/beans http://www.springframework.org/schema/beans/spring-beans-3.0.xsd  http://www.springframework.org/schema/aop http://www.springframework.org/schema/aop/spring-aop-3.0.xsd  http://www.springframework.org/schema/tx http://www.springframework.org/schema/tx/spring-tx-3.0.xsd  http://www.springframework.org/schema/context http://www.springframework.org/schema/context/spring-context-3.0.xsd  http://www.springframework.org/schema/task http://www.springframework.org/schema/task/spring-task-3.0.xsd  http://www.springframework.org/schema/util http://www.springframework.org/schema/util/spring-util-3.0.xsd" default-autowire="byName" default-lazy-init="false">  
  <!-- 定时任务配置 scheduler 方式 注解 暂时不支持动态更新 -->  
  <context:component-scan base-package="org.jeecgframework.core.timer"/>  
  <task:executor id="executor" pool-size="5"/>  
  <task:scheduler id="scheduler" pool-size="10"/>  
  <task:annotation-driven executor="executor" scheduler="scheduler"/>  
  <!-- 定时任务配置   taskDemoService 可配置到管理界面 -->  
  <bean id="taskDemoServiceTaskJob" class="org.springframework.scheduling.quartz.MethodInvokingJobDetailFactoryBean"> 
    <property name="targetObject" ref="taskDemoService"/>  
    <property name="targetMethod" value="work"/>  
    <property name="concurrent" value="true"/> 
  </bean>  
  <bean id="taskDemoServiceTaskCronTrigger" class="org.jeecgframework.core.timer.DataBaseCronTriggerBean"> 
    <property name="jobDetail" ref="taskDemoServiceTaskJob"/>  
    <property name="cronExpression" value="0 0/1 * * * ?"/> 
  </bean>  
  <!-- 定时任务配置   smsSendTask 可配置到管理界面 -->  
  <bean id="smsSendTaskJob" class="org.springframework.scheduling.quartz.MethodInvokingJobDetailFactoryBean"> 
    <property name="targetObject" ref="smsSendTask"/>  
    <property name="targetMethod" value="run"/>  
    <property name="concurrent" value="true"/> 
  </bean>  
  <bean id="smsSendTaskCronTrigger" class="org.jeecgframework.core.timer.DataBaseCronTriggerBean"> 
    <property name="jobDetail" ref="smsSendTaskJob"/>  
    <property name="cronExpression" value="0 0/1 * * * ?"/> 
  </bean>  
  <!-- 定时任务配置   statisticalTask 统计首页数据每天24点执行-->  
  <bean id="statisticalJob" class="org.springframework.scheduling.quartz.MethodInvokingJobDetailFactoryBean"> 
    <property name="targetObject" ref="statistical"/>  
    <property name="targetMethod" value="getStatistical"/>  
    <property name="concurrent" value="true"/> 
  </bean>  
  <bean id="statisticalTaskCronTrigger" class="org.jeecgframework.core.timer.DataBaseCronTriggerBean"> 
    <property name="jobDetail" ref="statisticalJob"/>  
    <property name="cronExpression" value="0 0 0 * * ?"/> 
  </bean>  
  <!-- 定时任务配置   userCaTimeCheckTask 统计首页数据每天24点执行-->  
  <bean id="userCaTimeCheckJob" class="org.springframework.scheduling.quartz.MethodInvokingJobDetailFactoryBean"> 
    <property name="targetObject" ref="userCaTimeCheck"/>  
    <property name="targetMethod" value="getUserCaTimeCheck"/>  
    <property name="concurrent" value="true"/> 
  </bean>  
  <bean id="userCaTimeCheckTaskCronTrigger" class="org.jeecgframework.core.timer.DataBaseCronTriggerBean"> 
    <property name="jobDetail" ref="userCaTimeCheckJob"/>  
    <property name="cronExpression" value="0 0 10 * * ?"/> 
  </bean>  
  <!-- 定时任务配置   sendDataTask 定时同步到公共服务平台数据每天24点执行-->  
  <!--<bean id="sendDataCronJob" class="org.springframework.scheduling.quartz.MethodInvokingJobDetailFactoryBean"> 
    <property name="targetObject" ref="sendDataCron"/>  
    <property name="targetMethod" value="sendData"/>  
    <property name="concurrent" value="true"/> 
  </bean>  
  <bean id="sendDataTaskCronTrigger" class="org.jeecgframework.core.timer.DataBaseCronTriggerBean"> 
    <property name="jobDetail" ref="sendDataCronJob"/>  
    <property name="cronExpression" value="0 10 1 * * ?"/> 
  </bean>-->  
  <!-- 定时任务配置   waitForsendDataTask 定时获取同步到公共服务平台数据-->  
  <!--<bean id="waitForSendDataCronJob" class="org.springframework.scheduling.quartz.MethodInvokingJobDetailFactoryBean"> 
    <property name="targetObject" ref="sendDataCron"/>  
    <property name="targetMethod" value="waitForsendData"/>  
    <property name="concurrent" value="true"/> 
  </bean>  
  <bean id="waitForSendDataCronTrigger" class="org.jeecgframework.core.timer.DataBaseCronTriggerBean"> 
    <property name="jobDetail" ref="waitForSendDataCronJob"/>  
    <property name="cronExpression" value="0 0 1 * * ?"/> 
  </bean>-->  
  <!-- 定时任务配置    定时获取同步到CMS平台数据-->  
  <bean id="sendDataToCmsCronJob" class="org.springframework.scheduling.quartz.MethodInvokingJobDetailFactoryBean"> 
    <property name="targetObject" ref="sendDataToCmsCron"/>  
    <property name="targetMethod" value="sendStatistical"/>  
    <property name="concurrent" value="true"/> 
  </bean>  
  <bean id="sendDataToCmsCronTrigger" class="org.jeecgframework.core.timer.DataBaseCronTriggerBean"> 
    <property name="jobDetail" ref="sendDataToCmsCronJob"/>  
    <property name="cronExpression" value="0 0 10 * * ?"/> 
  </bean>  
  <!-- 定时任务配置    定时推送消息到App-->  
  <bean id="sendDataToAppCronJob" class="org.springframework.scheduling.quartz.MethodInvokingJobDetailFactoryBean"> 
    <property name="targetObject" ref="sendDataToAppCron"/>  
    <property name="targetMethod" value="sendMessage"/>  
    <property name="concurrent" value="true"/> 
  </bean>  
  <bean id="sendDataToAppCronTrigger" class="org.jeecgframework.core.timer.DataBaseCronTriggerBean"> 
    <property name="jobDetail" ref="sendDataToAppCronJob"/>  
    <property name="cronExpression" value="0 0/2 * * * ?"/> 
  </bean>  
  <!-- 定时任务配置   tendertotalTimeCheckTask 统计首页数据(成交金额，项目数，企业数)每天24点执行-->  
  <!--<bean id="tendertotalTimeCheckJob" class="org.springframework.scheduling.quartz.MethodInvokingJobDetailFactoryBean"> 
    <property name="targetObject" ref="tendertotalTimeCheck"/>  
    <property name="targetMethod" value="getTendertotalTimeCheck"/>  
    <property name="concurrent" value="true"/> 
  </bean>  
  <bean id="tendertotalTimeCheckTaskCronTrigger" class="org.jeecgframework.core.timer.DataBaseCronTriggerBean"> 
    <property name="jobDetail" ref="tendertotalTimeCheckJob"/>  
    <property name="cronExpression" value="0 0 0 * * ?"/> 
  </bean>-->  
  <!-- 定时任务配置   tenderSupermakeTimeCheckTask 统计首页数据(标书超市)每天24点执行-->  
  <!--<bean id="tenderSupermakeTimeCheckJob" class="org.springframework.scheduling.quartz.MethodInvokingJobDetailFactoryBean"> 
    <property name="targetObject" ref="tenderSupermakeTimeCheck"/>  
    <property name="targetMethod" value="getTenderSupermakeTimeCheck"/>  
    <property name="concurrent" value="true"/> 
  </bean>  
  <bean id="tenderSupermakeTimeCheckTaskCronTrigger" class="org.jeecgframework.core.timer.DataBaseCronTriggerBean"> 
    <property name="jobDetail" ref="tenderSupermakeTimeCheckJob"/>  
    <property name="cronExpression" value="0 0 0 * * ?"/> 
  </bean>-->  
  <!-- 定时任务配置   sendDataToRest 公告数据 每天2点执行-->  
  <bean id="sendDataToRestJob" class="org.springframework.scheduling.quartz.MethodInvokingJobDetailFactoryBean"> 
    <property name="targetObject" ref="bulletinSendServiceI"/>  
    <property name="targetMethod" value="getAnnouncementList"/>  
    <property name="concurrent" value="true"/> 
  </bean>  
  <bean id="sendDataToRestCronTrigger" class="org.jeecgframework.core.timer.DataBaseCronTriggerBean"> 
    <property name="jobDetail" ref="sendDataToRestJob"/>  
    <property name="cronExpression" value="0 0 16 * * ?"/> 
  </bean>  
  
  <!-- 20180226 add by whz -->
	<!-- 定时任务配置   sendDataTask 定时同步到公共服务平台数据每天24点执行-->
	<bean id="sendDataCronNewJob"
		class="org.springframework.scheduling.quartz.MethodInvokingJobDetailFactoryBean">
		<property name="targetObject" ref="sendDataCron" />
		<property name="targetMethod" value="sendDataNew" />
		<property name="concurrent" value="true" />
	</bean>

	<bean id="sendDataTaskCronNewTrigger" class="org.jeecgframework.core.timer.DataBaseCronTriggerBean">
		<property name="jobDetail" ref="sendDataCronNewJob" />
		<property name="cronExpression" value="0 0/3 * * * ?" />
	</bean>
	<!-- 定时任务配置   waitForsendDataTask 定时获取同步到公共服务平台数据-->
	<bean id="waitForSendDataCronNewJob"
		class="org.springframework.scheduling.quartz.MethodInvokingJobDetailFactoryBean">
		<property name="targetObject" ref="sendDataCron" />
		<property name="targetMethod" value="waitForsendDataNew" />
		<property name="concurrent" value="true" />
	</bean>

	<bean id="waitForSendDataCronNewTrigger" class="org.jeecgframework.core.timer.DataBaseCronTriggerBean">
		<property name="jobDetail" ref="waitForSendDataCronNewJob" />
		<property name="cronExpression" value="0 0 0/4 * * ?" />
	</bean>
	<!-- end addby whz -->
	
  <!-- 定时任务调度器 -->  
  <bean id="schedulerFactory" lazy-init="false" autowire="no" class="org.jeecgframework.core.timer.DataBaseSchedulerFactoryBean"> 
    <property name="triggers"> 
      <list> 
        <!--
		<ref bean="taskDemoServiceTaskCronTrigger" />
				<ref bean="smsSendTaskCronTrigger" />
				 <ref bean="statisticalTaskCronTrigger"/>  
        <ref bean="userCaTimeCheckTaskCronTrigger"/>  
		 <ref bean="sendDataToCmsCronTrigger"/>  
        <ref bean="sendDataToAppCronTrigger"/>  
				-->  
        <!-- 注册Trigger  这里只是注册了Trigger 并没有让Trigger 放入Scheduler中允许 而放入Scheduler中允许是可以通过管理员登录管理定时任务的-->  
       
        <!--<ref bean="sendDataTaskCronTrigger"/>  
        <ref bean="waitForSendDataCronTrigger"/>-->  
       
        <!--<ref bean="tendertotalTimeCheckTaskCronTrigger"/>  
        <ref bean="tenderSupermakeTimeCheckTaskCronTrigger"/>
        <ref bean="sendDataToRestCronTrigger"/>  --> 
		
		<!-- add by whz 20180226 -->
		<!--<ref bean="sendDataTaskCronNewTrigger"/>
		<ref bean="waitForSendDataCronNewTrigger"/> -->
		<!-- end  add by whz -->
				
      </list> 
    </property> 
  </bean> 
</beans>
